filename,artist,title,year,label,subtitle
" JPL - Marina Macumba (Voodoo House Mix)  GERMANY 1991 House.flac",JPL,Marina Macumba¬†(Voodoo House Mix),1991,,
" Rise - Which Way (New Direction Mix)  UK 1991 House.flac",Rise,Which Way (New Direction Mix),1991,,
"06 Wind, Wave & Wineglass.mp3",,"Wind, Wave & Wineglass",,,
19‚ß∏06‚ß∏1993.mp3,,19‚ß∏06‚ß∏1993,1993,,
2025.flac,,2025,2025,,
4.FX - Touchez Moi (G.Freaks Lounge Mix).flac,FX,Touchez Moi (G.Freaks Lounge Mix),,,
400 blows - movin (instrumental version).flac,400 blows,movin (instrumental version),,,
A - Doi-Oing - Bosh! (Unanimous Bosh).flac,Doi-Oing,Bosh! (Unanimous Bosh),,,
A Certain Ratio - Yeah Boy (Sons Of Samarkand Remix).flac,A Certain Ratio,Yeah Boy (Sons Of Samarkand Remix),,,
A2 - Octave One - Paradise.flac,Octave One,Paradise,,,
ASHRR ÔºÇPlease Don't Stop The RainÔºÇ (Ron Trent Dub).flac,ASHRR,Please Don't Stop The Rain¬†(Ron Trent Dub),,,
Africa (Flute Mix).mp3,,Africa¬†(Flute Mix),,,
Airto (Eat Static Featuring Will White & Stuart Zender Remix).mp3,,Airto¬†(Eat Static Featuring Will White & Stuart Zender Remix),,,
Alias Brown - Dreams (Part Two).flac,Alias Brown,Dreams (Part Two),,,
All That I Do (Ace of Club Mix).mp3,,All¬†That I Do (Ace of Club Mix),,,
Amida    Amitabha Mix 1.mp3,,Amida Amitabha Mix 1,,,
An Ocean of Dreams.mp3,,An Ocean of Dreams,,,
"Anie's Group - Love Has Gone (Germany, 1981).flac",Anie's Group,Love Has Gone¬†,1981,,
Aphreme - Beneath The Windy Trees.flac,Aphreme,Beneath The Windy Trees,,,
Applemountain - Yes Yes Yes (Dance Mix) (ca. 1992) (a.k.a. Everything I Have Is Yours).flac,Applemountain,Yes Yes Yes (Dance Mix) (a.k.a. Everything I Have Is Yours),1992,,
Aqua.mp3,,Aqua,,,
Are You Feeling.mp3,,Are You Feeling,,,
Atila - Intencion II [Spain] Prog (1976).flac,Atila,Intencion II,1976,,
Black & Blue (Original Mix).flac,,Black¬†& Blue (Original Mix),,,
"Blue Feather - Shadows Of The Night (Instrumental Version) (Netherlands, 1985).flac",Blue Feather,Shadows Of The Night (Instrumental Version),1985,,
Blue Mauritio‚ï≠ ‚ïØIn The Mood.mp3,Blue Mauritio,In The Mood,,,
Bonnie & Klein ÔºÇDiamante (Hal Incandenza's Mentireta Remix)ÔºÇ.mp3,Bonnie¬†& Klein,Diamante (Hal Incandenza's Mentireta Remix),,,
"Breath Of Life Quartet - Your Face I Soon Will See [US] Soul, Gospel (1979).flac",Breath Of Life Quartet,Your Face I Soon Will See¬†,1979,,
Brochure - Joking.flac,Brochure,Joking,,,
Chocolate Weasel - Reworked From Scratch Backwards (Starring Alvano as Joey Salami).flac,Chocolate Weasel,Reworked From Scratch Backwards (Starring Alvano as Joey Salami),,,
Chris Rea - Josephine 1989.flac,Chris Rea,Josephine,1989,,
Close - She.flac,Close,She,,,
Closer.mp3,,Closer,,,
Cola Nha Terra.mp3,,Cola Nha Terra,,,
"Comox - Sunrise Suite [Canada] Psych Folk, Easy Listening (1974).flac",Comox,Sunrise Suite,1974,,
Connective Zone - Function.flac,Connective Zone,Function,,,
Corujo & Sandoval - Nora.flac,Corujo & Sandoval,Nora,,,
Cosmic Police (Edit).mp3,,Cosmic¬†Police (Edit),,,
Curiosity  - Relax (Take It Slow) (Pianophone Dub).flac,Curiosity,Relax (Take It Slow) (Pianophone Dub),,,
D Code - Reggae Bus.flac,D Code,Reggae Bus,,,
D J M E T A T R O N.mp3,,D J M E T A T R O N,,,
D.T.M.A. - Tomorrow (Dino And Terry Dub).flac,D.T.M.A.,Tomorrow (Dino And Terry Dub),,,
Dark and Deep.mp3,,Dark and Deep,,,
Dates on Skates.mp3,,Dates on Skates,,,
Dawn Again ÔºÇOuterspace Indoors feat Lochie ThompsonÔºÇ.mp3,Dawn Again,Outerspace Indoors feat Lochie Thompson,,,
Debbie French - Get That Feeling (Single Mix).flac,Debbie French,Get That Feeling (Single Mix),,,
Deborah Sasson ‚Äì Rendezvous.flac,Deborah Sasson,Rendezvous,,,
Demis Roussos - Midnight Is The Time I Need You.flac,Demis Roussos,Midnight Is The Time I Need You,,,
Denis Farley - Pony Express.flac,Denis Farley,Pony Express,,,
"Denny Fast - Tuesday Morning Monday's Feeling Gone [US] Psych Folk, Easy Listening (1975).flac",Denny Fast,Tuesday Morning Monday's Feeling Gone,1975,,
Der Assistent - Klinik unter Palmen (Official Video).flac,Der Assistent,Klinik unter Palmen¬†,,,
Doi-oing - Bosh ‚ß∏ good feeling - Music video (remix) [upscaled and in Stereo].flac,Doi-oing,Bosh ‚ß∏ good feeling,,,
Done With You.mp3,,Done With You,,,
Double Ingredient Ft Roberta Gold - Happyness Is Just Around The Bend (Extended).flac,Double Ingredient Ft Roberta Gold,Happyness Is Just Around The Bend (Extended),,,
Dubital Feat. Mad Professor - Handypad (Glove Mix).flac,Dubital Feat. Mad Professor,Handypad (Glove Mix),,,
Echoland ‚Äì Silk Purse (Red Silver Mix) [Vocal].flac,Echoland,Silk Purse (Red Silver Mix),,,
Ego-Tool.flac,,Ego-Tool,,,
Electropsy Voice 12inch mix.mp3,,Electropsy Voice 12inch mix,,,
Eugene McDaniels - Cherrystones.flac,Eugene McDaniels,Cherrystones,,,
Ever Changing Bubbles (Deep88 Balearic Mix).mp3,Ever,Changing Bubbles (Deep88 Balearic Mix),,,
Everybody's Kissing Everyone.mp3,,Everybody's Kissing Everyone,,,
Evolve Now - Dream (Subdued Mix).flac,Evolve Now,Dream (Subdued Mix),,,
"Exo Fender - Big Mood (45 Version) (Canada, 1987).flac",Exo Fender,Big Mood (45 Version)¬†,1987,,
Faithless feat. Dido - One Step Too Far (Alex Neri Club Instrumental).flac,Faithless feat. Dido,One Step Too Far (Alex Neri Club Instrumental),,,
Feelings.mp3,,Feelings,,,
Ferrucci - The Sermon (M.F. Mix).flac,Ferrucci,The Sermon (M.F. Mix),,,
Fluke ‚Äì The Bells (Mix 2) (12ÔºÇ).flac,Fluke,The Bells (Mix 2) (12ÔºÇ),,,
Francesco.mp3,,Francesco,,,
Gene Douglas‚ï≠ ‚ïØ 88.mp3,Gene Douglas,88,,,
Get Nasty (Night Club Mix).flac,,Get¬†Nasty (Night Club Mix),,,
Gigi Flag - ÔºÇNymphomaniacÔºÇ (French 80s synth-pop).flac,Gigi Flag,Nymphomaniac,,,
Gilles Elbaz - Le Bal Masqu√© [France] Psych Folk (1970).flac,Gilles Elbaz,Le Bal Masqu√©,1970,,
Giuliano Sorgini - Desolazione.flac,Giuliano Sorgini,Desolazione,,,
Golden Shot (Omformer 'Energy Cycle' Mix).mp3,,Golden¬†Shot (Omformer 'Energy Cycle' Mix),,,
Grey Area - 2 The Rhythm.flac,Grey Area,2 The Rhythm,,,
Grey Light.mp3,,Grey Light,,,
Happy Water ‚Äì Love (Happy Water Mix).flac,Happy Water,Love (Happy Water Mix),,,
Havana - Love Is All Around.flac,Havana,Love Is All Around,,,
He's A Skull.mp3,,He's A Skull,,,
Hedgehog Affair   Rush Till Dawn   We Told You.flac,Hedgehog Affair,Rush Till Dawn We Told You,,,
Herb Wilborn Jr - Been So Long.flac,Herb Wilborn Jr,Been So Long,,,
Here (Now) (A 2020 Space Disco Odyssey).mp3,,Here¬†(Now) (A Space Disco Odyssey),2020,,
Hi Ryze - Ride The Rhythm.flac,Hi Ryze,Ride The Rhythm,,,
Homies   Para√≠so.mp3,,Homies Para√≠so,,,
House ÔºÇEÔºÇ Delic - The Singing Saw (Club 69 Magic Mix).flac,House ÔºÇEÔºÇ Delic,The Singing Saw (Club 69 Magic Mix),,,
Hoverist ÔºÇPalaceÔºÇ.mp3,Hoverist,Palace,,,
I'm On To You (Instrumental) - Blue Pearl.flv.flac,Blue Pearl,I'm On To You (Instrumental),,,
Identification Unknown (Longhair Remix).mp3,,Identification¬†Unknown (Longhair Remix),,,
International Foot Language   Life On Loop Metallic Loops Of Fuz.mp3,International Foot Language,Life On Loop Metallic Loops Of Fuz,,,
JFCÔºö No Matter What [HQ‚ß∏HD].mp3,JFC,Matter What,,,
"Jay Ray ‚Äì Sunrise (Germany, 1999).flac",Jay Ray,Sunrise,1999,,
Jon Anderson   Speed Deep (The Deep Forest Remix) (1995).mp3,Jon Anderson,Anderson Speed Deep (The Deep Forest Remix),1995,,
Judy B. - Thank You (Instrumental).flac,Judy B.,Thank You (Instrumental),,,
Kabuki femme fatale (Jita Sensation Remix).mp3,Kabuki,femme fatale (Jita Sensation Remix),,,
Kid Simius ÔºÇ300 Million StarsÔºÇ.mp3,Kid Simius,300 Million Stars,,,
Kornelije Kovaƒç Get It Right Boy (Sampled Moonlight).mp3,Kornelije¬†Kovaƒç,Get It Right Boy (Sampled Moonlight),,,
Kozuma.mp3,,Kozuma,,,
LINDA WILLIAM'S ÔºÇChien et loupÔºÇ (Version longue).mp3,LINDA¬†WILLIAM'S,Chien et loup (Version longue),,,
La Vari√©t√© Ôºö J'√©coute une K7 de la vedette.mp3,La Vari√©t√©,J'√©coute une K7 de la vedette,,,
Lava Love (Delicate Mix).flac,Lava,Love (Delicate Mix),,,
Le salaire du rappeur   Charles Henry.mp3,Charles Henry,Le salaire du rappeur,,,
Leadership - Dub Session.flac,Leadership,Dub Session,,,
"Leonardo Rosi - Ma Tu [Italy] Soul, Funk, Easy Listening (198Ôºü).flac",Leonardo Rosi,Ma Tu Soul,,,
Let's Hide Away.mp3,,Let's Hide Away,,,
Leucozyt - Sonntagmorgen [Germany] Psych Jazz (1982).flac,Leucozyt,Sonntagmorgen,1982,,
Lewis Berry - What Am I Gonna Do About It.flac,Lewis Berry,What Am I Gonna Do About It,,,
Light In Darkness - Serpent üáØüáµ 1999.mp3,Light In Darkness,Serpent¬†,1999,,
Local DJ - U R The Best.flac,Local DJ,U R The Best,,,
Love Remembered.mp3,,Love Remembered,,,
Loveshadow - Firmed Up (Rumo Immaginari 01).flac,Loveshadow,Firmed Up (Rumo Immaginari 01),,,
MC G Mex - Bliss.flac,MC G Mex,Bliss,,,
Madcap - Prime Mover.flac,Madcap,Prime Mover,,,
Maine Kaha Tha Mat Jao Tum.mp3,,Maine Kaha Tha Mat Jao Tum,,,
Mais Kriola (Yuksek Remix).mp3,,Mais¬†Kriola (Yuksek Remix),,,
Malcolm Moore - Interstate 80.flac,Malcolm Moore,Interstate 80,,,
Manee - Superstar (D's Straight Vocal Mix).flac,Manee,Superstar (D's Straight Vocal Mix),,,
Masami Tsuchiya - Alexis.flac,Masami Tsuchiya,Alexis,,,
"Masayoshi Takanaka - Santigo Bay Rendez-Vous (Japan, 1983).flac",Masayoshi Takanaka,Santigo Bay Rendez-Vous¬†,1983,,
"Medusa Smile - Konrad Black, Ghostman, Tiga.flac",Medusa Smile,"Konrad Black, Ghostman, Tiga",,,
Mega Banton - Money First (P.A. mix).flac,Mega Banton,Money First (P.A. mix),,,
"Michael Bierylo - Life Line [US] Balearic Ambient, Psych Folk (1986).flac",Michael Bierylo,Life Line,1986,,
Millos Kaiser - Tela Quente (Edit).flac,Millos Kaiser,Tela Quente (Edit),,,
"Mishio Ogawa (Â∞èÂ∑ùÁæéÊΩÆ) - Thread of Light, Thread of Yarn (ÂÖâ„ÅÆÁ≥∏„ÄÄÈáë„ÅÆÁ≥∏).flac",Mishio Ogawa (Â∞èÂ∑ùÁæéÊΩÆ),"Thread of Light, Thread of Yarn (ÂÖâ„ÅÆÁ≥∏ Èáë„ÅÆÁ≥∏)",,,
Moscow Groove Institute - Tanzi Motanzi.flac,Moscow Groove Institute,Tanzi Motanzi,,,
N Zone - Genie (Jus' Raw Mix).flac,N Zone,Genie (Jus' Raw Mix),,,
Naked Eyes - Promises Promises (1983).flac,Naked Eyes,Promises Promises,1983,,
Neon Phusion  - Blue Tektra (Restless Soul Peak Time Mix).flac,Neon Phusion,Blue Tektra (Restless Soul Peak Time Mix),,,
New Musical Testament - Shamiso.flac,New Musical Testament,Shamiso,,,
Nick Jones - Virgo [The Master Blaster Project].flac,Nick Jones,Virgo,,The Master Blaster Project,
No White Peaks (1991) - Peter Cushing.flv.flac,No White Peaks,Peter Cushing,1991,,
Nomari.mp3,,Nomari,,,
Nu-Sense - F.U.C.K (The Club joint).flac,Nu-Sense,F.U.C.K (The Club joint),,,
Observer - Lotion (Stars 1997 instrumental version).flac,Observer,Lotion (Stars instrumental version),1997,,
Off Peak - Baby It's You (Instrumental).flac,Off Peak,Baby It's You (Instrumental),,,
Off Peak - Untiltled - B2.flac,Off Peak,Untiltled - B2,,,
Oh Yaaro Kaun Nachdi (Sweet Mix).mp3,,Oh¬†Yaaro Kaun Nachdi (Sweet Mix),,,
Omformer - Molecular Contemplations.mp3,Omformer,Molecular Contemplations,,,
On - Come Go With Me.mp3,On,Come Go With Me,,,
On les zapp'l.mp3,,On les zapp'l,,,
One Dove - White Love (Weatheralls Meet The Professionals Dub).mp3,One Dove,White Love (Weatheralls Meet The Professionals Dub),,,
Onyx - Why Can't You (Inst.).mp3,Onyx,Why Can't You (Inst.),,,
Opa - Pieces.mp3,Opa,Pieces,,,
Optimystic - Trust Me (Instrumental).mp3,Optimystic,Trust Me (Instrumental),,,
Orbital - Satan (Industry Standard).mp3,Orbital,Satan (Industry Standard),,,
Oreku - Indo Radio.mp3,Oreku,Indo Radio,,,
Organized Pleasure - Tropical Stumble.mp3,Organized Pleasure,Tropical Stumble,,,
Original (Remastered).mp3,,Original (Remastered),,,
Orix√†s - Iffa Ganga.mp3,Orix√†s,Iffa Ganga,,,
Other people's money - One Giant Step.mp3,Other people's money,One Giant Step,,,
Out There - Friends Of Matthew (1991).mp3,Out There,Friends Of Matthew,1991,,
Outbar ‚Äì Away From The Heat (Sacha Mambo Edit).mp3,Outbar,Away From The Heat (Sacha Mambo Edit),,,
Outer Heaven - Untitled Jungle.mp3,Outer Heaven,Untitled Jungle,,,
Overflow - Take The Chance.mp3,Overflow,Take The Chance,,,
"P'cock - Telephone Song (Germany, 1983).mp3",P'cock,Telephone Song¬†,1983,,
P.O - On The Radio [OPIA007].mp3,P.O,On The Radio,,OPIA007,
P.P. Arnold - A Little Pain (Instrumental).mp3,P.P. Arnold,A Little Pain (Instrumental),,,
P.U.M.P.  ‚Äì Barabajagal (Love Is Hot) (Proctor Indulgent Mix).flac,P.U.M.P.,Barabajagal (Love Is Hot) (Proctor Indulgent Mix),,,
PFM - The Western (original mix).mp3,PFM,The Western (original mix),,,
PJ - Elysian Fields (1995).mp3,PJ,Elysian Fields¬†,1995,,
PM¬≤ Featuring Abby ‚Äì Africa (Ambient remix).mp3,PM¬≤ Featuring Abby,Africa (Ambient remix),,,
PREMIERE ÔΩú Eiger Drums Propaganda - Astral Lights [Macadam Mambo] 2019.mp3,Eiger Drums Propaganda,Astral Lights,2019,Macadam Mambo,PREMIERE
PREMIEREÔºö DJ SCM - Estoi Totalmente Loca (Loca Mix).mp3,DJ SCM,Estoi Totalmente Loca (Loca Mix),,,PREMIERE
PREMIEREÔºö Massimiliano Pagliara - Avenue Of The Palms (Sunset Mix) [Permanent Vacation].mp3,Massimiliano Pagliara,Avenue Of The Palms (Sunset Mix),,Permanent Vacation,PREMIERE
PREMIEREÔºö Wolfram - Automatic Dub (Cabletoy Remix) [Public Possession].mp3,Wolfram,Automatic Dub (Cabletoy Remix),,Public Possession,PREMIERE
PULSUM - I Remember.mp3,PULSUM,I Remember,,,
Paap Niang - Axiru Zaman (1986).flac,Paap Niang,Axiru Zaman,1986,,
Pablo Color & Berlin Lama - Recuerdos.mp3,Pablo Color & Berlin Lama,Recuerdos,,,
Pacific - Compassion (Equitorial).mp3,Pacific,Compassion (Equitorial),,,
Pais Tropical -- Melodya (Club Mix).mp3,Pais Tropical,Melodya (Club Mix),,,
Panama Cut - Dancing Girl (FS Basic Rhythm Mix).mp3,Panama Cut,Dancing Girl (FS Basic Rhythm Mix),,,
Pancratio - Hypnotic Response [OTTA3].mp3,Pancratio,Hypnotic Response,,OTTA3,
Pap - Is it Finished Ôºü [Human Disease Network].mp3,Pap,Is it Finished Ôºü,,Human Disease Network,
Paradis 'H√©misph√®re' (Beats In Space).mp3,Paradis,H√©misph√®re,,Beats In Space,
Paradise 3001 - Low sun in dub - (Sunspots).mp3,Paradise 3001,Low sun in dub¬†,,Sunspots,
Paris Bis - Unis Dans La Nuit Unique.flac,Paris Bis,Unis Dans La Nuit Unique,,,
Paris Bis - Unis Dans La Nuit Unique.mp3,Paris Bis,Unis Dans La Nuit Unique,,,
"Paris Bizarre - Black And Blue (Really Blue) (Sweden, 1985).flac",Paris Bizarre,Black And Blue (Really Blue)¬†,1985,,
Paris Bizarre - Black And Blue (Really Blue).mp3,Paris Bizarre,Black And Blue (Really Blue),,,
Parsec - Transmutation.mp3,Parsec,Transmutation,,,
Passarani - Exit Velocity.mp3,Passarani,Exit Velocity,,,
Passion (Naked Edit).mp3,Passion,Passion (Naked Edit),,,
Passion Theatre - Vacation Day.mp3,Passion Theatre,Vacation Day,,,
Pasteur Lappe - The Sekele Movement.mp3,Pasteur Lappe,The Sekele Movement,,,
"Pat Kelly - Getting There (UK, 1980).mp3",Pat Kelly,Getting There¬†,1980,,
Patrick Conway - Hypersocial [ESP054].mp3,Patrick Conway,Hypersocial,,ESP054,
Patrick Michaud - Crazy.mp3,Patrick Michaud,Crazy,,,
Patternclear - Dreamscape.mp3,Patternclear,Dreamscape,,,
Paul J. Marcus - Viens-Tu Danser Ôºü (Instrumental).mp3,Paul J. Marcus,Viens-Tu Danser Ôºü (Instrumental),,,
Paul Jones - Strangely Human Sound (UK 1971).mp3,Paul Jones,Strangely Human Sound¬†,1971,,
Paula TAPE - Playa Frenesi.mp3,Paula TAPE,Playa Frenesi,,,
Pawel's Bar - Pawel's Band.mp3,Pawel's Bar,Pawel's Band,,,
Pearl's Girl (Remastered).mp3,Pearl's,Pearl's Girl (Remastered),,,
Peggy Gou - Nabi (feat. OHHYUK).mp3,Peggy Gou,Nabi (feat. OHHYUK),,,
Pejza≈º - Ba≈Çtyk (Freux Remix).mp3,Pejza≈º,Ba≈Çtyk (Freux Remix),,,
Penelope's Fiance - overwhelming odds (A Decision to be taken).mp3,Penelope's Fiance,overwhelming odds (A Decision to be taken),,,
Per Cussion - Manhattan Jungle (Remix).mp3,Per Cussion,Manhattan Jungle (Remix),,,
Percy X - X Trak 1 (1994).mp3,Percy X,X Trak 1¬†,1994,,
Perko - Pippin.mp3,Perko,Pippin,,,
Peter Sarstedt - You're a Lady (1971) (Cozy Powell).mp3,Peter Sarstedt,You're a Lady (Cozy Powell),1971,,
Phenaphen #3.mp3,,Phenaphen #3,,,
Phil Western‚ï≠ ‚ïØStay Clean.mp3,Phil Western,Stay Clean,,,
Philipp Boss - Eurotheme (Virtual Version) [ACTIVO001].mp3,Philipp Boss,Eurotheme (Virtual Version),,ACTIVO001,
Philippe Eidel - Canal+ (Le Jour) (1984).mp3,Philippe Eidel,Canal+ (Le Jour),1984,,
Photek - Modus Operandi.mp3,Photek,Modus Operandi,,,
Photek - Neptune.mp3,Photek,Neptune,,,
Photek - Rings Around Saturn.mp3,Photek,Rings Around Saturn,,,
Photek - T'Raenon.mp3,Photek,T'Raenon,,,
Picture Music - Bus Stop Dawn.mp3,Picture Music,Bus Stop Dawn,,,
Picture Music - Hauptbahnhof.mp3,Picture Music,Hauptbahnhof,,,
Pierre-√âdouard-D√©cimus - Kara√Øb.flac,Pierre-√âdouard-D√©cimus,Kara√Øb,,,
Piglet - Move Closer (Quiel Mix).mp3,Piglet,Move Closer (Quiel Mix),,,
Pillar Of Salt - Let's Be Free (pitch +6) (UK).mp3,Pillar Of Salt,Let's Be Free (pitch +6)¬†,,,
Pillow Queen - Submission [DR001].mp3,Pillow Queen,Submission,,DR001,
Pills - J'me Sens Bien (Groovy Mix).mp3,Pills,J'me Sens Bien (Groovy Mix),,,
Pinky ‚Äì I Wanna Be The One (Dub Mix).mp3,Pinky,I Wanna Be The One (Dub Mix),,,
Pit Troja - Der Voodoo Mann.mp3,Pit Troja,Der Voodoo Mann,,,
Pizzicato Five - Top Secrets.mp3,Pizzicato Five,Top Secrets,,,
Planet Ha Ha - Home (full 7ÔºÇ).mp3,Planet Ha Ha,Home (full 7ÔºÇ),,,
Planisphere - New Moon.mp3,Planisphere,New Moon,,,
Plastic Dance Band - Breaks On A Beach (Drugstore Cowboy Mix).mp3,Plastic Dance Band,Breaks On A Beach (Drugstore Cowboy Mix),,,
Plastic Paradise - Neighborhood Watch Patrol ÔΩú Telomere Plastic [2020].mp3,Plastic Paradise,Telomere Plastic¬†,2020,,
Plastic Surprise -  Disco Express.mp3,Plastic Surprise,Disco Express,,,
Plazmot - Orot Levanim (Video edit).mp3,Plazmot,Orot Levanim (Video edit),,,
Poesie Noire - I Didn't Ask (Boombastic Beat Mix).mp3,Poesie Noire,I Didn't Ask (Boombastic Beat Mix),,,
Poly Chain - Max For Death [Die Orakel].mp3,Poly Chain,Max For Death,,Die Orakel,
Portable Sunsets - If.mp3,Portable Sunsets,If,,,
Pourquoi Pas ‚Äì Africa Lady.mp3,Pourquoi Pas,Africa Lady,,,
Power Packed Mega Mix.mp3,,Power Packed Mega Mix,,,
Preludio - Mysterious Nights.mp3,Preludio,Mysterious Nights,,,
Principles Of LustÔºö Sadeness ‚ß∏ Find Love ‚ß∏ Sadeness (Reprise).mp3,Principles Of Lust,Sadeness ‚ß∏ Find Love ‚ß∏ Sadeness (Reprise),,,
Priori - Bite Soft.mp3,Priori,Bite Soft,,,
Priori - Infinity.mp3,Priori,Infinity,,,
Private Press & Mutual Attraction ‚Äì B1.003.flac,Private Press & Mutual Attraction,B1.003,,,
Problematic - Electrify Me @ -6.flac,Problematic,Electrify Me @ -6,,,
"Prodelay - Dopesun (Germany, 1999).mp3",Prodelay,Dopesun¬†,1999,,
Pupa Curly - Crack Is A Killer (Dub) [Edit].mp3,Pupa Curly,Crack Is A Killer (Dub),,,
Purity 0%.mp3,,Purity 0%,,,
Purple Pinguin - So High.flac,Purple Pinguin,So High,,,
Quaid - Cascade.mp3,Quaid,Cascade,,,
Quasar - Welcome In Paradise (Heaven's Ascent) [PMX 12061].mp3,Quasar,Welcome In Paradise (Heaven's Ascent),,PMX 12061,
Quazar -   Above & Below.mp3,Quazar,Above & Below,,,
Quidam - You N Me.mp3,Quidam,You N Me,,,
Quiet Force - Listen To The Music (For Love And... Emotions).mp3,Quiet Force,Listen To The Music (For Love And... Emotions),,,
Quiet Village - Pillow Talk.mp3,Quiet Village,Pillow Talk,,,
Quinteto Zen - Primenta E Cachaca.mp3,Quinteto Zen,Primenta E Cachaca,,,
R. E. A. L. M.‚ï≠ ‚ïØNumbering Connectives.mp3,R. E. A. L. M.,Numbering Connectives,,,
"R.A.P.P. feat- Archie Poole - Guns,Bombs,Handgrenades (1982).vinyl rip.mp3",R.A.P.P. feat- Archie Poole,"Guns,Bombs,Handgrenades¬†",1982,,
RAMZi - For Vanda.mp3,RAMZi,For Vanda,,,
RAS - Pharoah ‚ß∏ Zman Halal.mp3,RAS,Pharoah ‚ß∏ Zman Halal,,,
RELINQUISHED - SHADOWBOXER I.mp3,RELINQUISHED,SHADOWBOXER I,,,
RIK ÔºÇRendezvousÔºÇ.mp3,RIK,Rendezvous,,,
ROMAIN FX ÔºÇTantric MagicÔºÇ.mp3,ROMAIN FX,Tantric Magic,,,
RO√úGE - Fire Keeper [Khoinix].mp3,RO√úGE,Fire Keeper,,Khoinix,
Radart - Trip Planet.flac,Radart,Trip Planet,,,
Rah Band ... Is Anybody There ... 1978.mp3,Rah Band,Is Anybody There,1978,,
Raikes Parade - Take A Nibble.mp3,Raikes Parade,Take A Nibble,,,
Rama - Black Plait Dub.mp3,Rama,Black Plait Dub,,,
Ramin - I Can't Understand (33+8).mp3,Ramin,I Can't Understand (33+8),,,
Ramon & Theo - A wet summernight (DUB).mp3,Ramon & Theo,A wet summernight (DUB),,,
Ran-Dell - No Sleep Tonite (Music Mix).mp3,Ran-Dell,No Sleep Tonite (Music Mix),,,
Rap'N House (1988) - Packjammed (With The Party Posse).mp3,Rap'N House¬†,Packjammed (With The Party Posse),1988,,
Rapagnol - La Manille (Instrumental).mp3,Rapagnol,La Manille (Instrumental),,,
Raudie - Now The Spark Has Flown.mp3,Raudie,Now The Spark Has Flown,,,
Red Zone - Use Your Voice Aquatic Mix.mp3,Red Zone,Use Your Voice Aquatic Mix,,,
Redeye  - Resort Annexia.mp3,Redeye,Resort Annexia,,,
Regularfantasy - Believe That.mp3,Regularfantasy,Believe That,,,
Remanisance.flac,,Remanisance,,,
Remus - unknown - untitled (remus edit).mp3,Remus,unknown - untitled (remus edit),,,
Renaissance - Ashes Are Burning.mp3,Renaissance,Ashes Are Burning,,,
Ren√©e - Lay me down.mp3,Ren√©e,Lay me down,,,
Reset - Pickpocket (H√•kan Lidbo Remix).mp3,Reset,Pickpocket (H√•kan Lidbo Remix),,,
Reverie.mp3,,Reverie,,,
Rhythm Plate - New Roots.flac,Rhythm Plate,New Roots,,,
Rhythmic Union - Song of Busoga.mp3,Rhythmic Union,Song of Busoga,,,
"Richard Denton And Martin Cook - Tomorrow's World (BBC, UK 1980).mp3",Richard Denton And Martin Cook,Tomorrow's World¬†,1980,,
Richard Hawley - The Nights Are Cold.mp3,Richard Hawley,The Nights Are Cold,,,
Richard Prince - Loud Song.mp3,Richard Prince,Loud Song,,,
Richard Sen & Cazbee - On Da Run.mp3,Richard Sen & Cazbee,On Da Run,,,
Richenel - Autumn (Alt Version).mp3,Richenel,Autumn (Alt Version),,,
Rick & Nando - Clima Bom.mp3,Rick & Nando,Clima Bom,,,
Rick Asikpo - Money Money Money.mp3,Rick Asikpo,Money Money Money,,,
Rico Casazza -Purplewave (No Moon Remix).mp3,Rico Casazza,Purplewave (No Moon Remix),,,
Ricotti & Alburquerque - Don't You Believe Me.mp3,Ricotti & Alburquerque,Don't You Believe Me,,,
"Rinlew Allstars - Didn't Want A Lot, Did YaÔºü (Soul) (1979).mp3",Rinlew Allstars,"Didn't Want A Lot, Did YaÔºü (Soul)¬†",1979,,
Road 2 Freedom - How Much I Care (Club Mix).flac,Road 2 Freedom,How Much I Care (Club Mix),,,
Road to the West.mp3,,Road to the West,,,
Robert Manos - Faith (Bonus Groove).flac,Robert Manos,Faith (Bonus Groove),,,
Robert Miles - Paths [FSOL Remix].mp3,Robert Miles,Paths (FSOL Remix),,,
Rock Master Scott & The Dynamic Three - Request Line (Full Vocal).mp3,Rock Master Scott & The Dynamic Three,Request Line (Full Vocal),,,
Roland Bocquet - Paradia.mp3,Roland Bocquet,Paradia,,,
Romance.mp3,,Romance,,,
Romie Singh - Cry Freedom (Short).mp3,Romie Singh,Cry Freedom (Short),,,
Ron Trent - Sweet Chocolate.flac,Ron Trent,Sweet Chocolate,,,
Ronald Langestraat - Lowdown.mp3,Ronald Langestraat,Lowdown,,,
Ronnie Hazlehurst - Tomorrow Is Now.flac,Ronnie Hazlehurst,Tomorrow Is Now,,,
Room With A View.mp3,,Room With A View,,,
Roughly Norm & Sorta Sean - Fashion Love.flac,Roughly Norm & Sorta Sean,Fashion Love,,,
Round One - I'm Your Brother (Club Version).mp3,Round One,I'm Your Brother (Club Version),,,
Roy Of The Ravers -- Ichi.mp3,Roy Of The Ravers,Ichi,,,
Roza Terenzi & Hame DJ - Pinky's Network.mp3,Roza Terenzi & Hame DJ,Pinky's Network,,,
"Ruby Desire - Bad Girls (Dub Version) (Belgium, 1987).mp3",Ruby Desire,Bad Girls (Dub Version),1987,,
Rudy's Midnight Machine - Midnight Safari.mp3,Rudy's Midnight Machine,Midnight Safari,,,
Ruf Dug 'MV Look' (Porn Wax).mp3,Ruf Dug,MV Look¬†(Porn Wax),,,
Russell Lassig - Oracle üá¶üáÆ 1989.mp3,Russell Lassig,Oracle,1989,,
Ryan James Ford - Death Awaits (Live Dub).flac,Ryan James Ford,Death Awaits (Live Dub),,,
"R√ºdiger Oppermann - Troubadix' Rache Part B (Troubadix in Africa) (45 RPM) (Germany, 1990).mp3",R√ºdiger Oppermann,Troubadix' Rache Part B (Troubadix in Africa) (45 RPM)¬†,1990,,
S A D E  -  Is  It  A  Crime (vinyl).mp3,S A D E,Is It A Crime (vinyl),,,
S. Dee - Ooghouse [Step 2 House Records].mp3,S. Dee,Ooghouse,,Step 2 House Records,
SAS - Amber Groove.mp3,SAS,Amber Groove,,,
SEUL ENSEMBLE - P.D.G. [SOUTHFRAP ALLIANCE].mp3,SEUL ENSEMBLE,P.D.G.,,SOUTHFRAP ALLIANCE,
SLP Feat. Janette Dawkins - Gonna Lose My Mind (Ambient Arc).flac,SLP Feat. Janette Dawkins,Gonna Lose My Mind (Ambient Arc),,,
SOFTWARE - Modesty Blaze.mp3,SOFTWARE,Modesty Blaze,,,
SOUL-JAZZÔºö Cortex - Les Oiseaux Morts.mp3,Cortex,Les Oiseaux Morts,,,SOUL-JAZZ
Saafi Brothers - Internal Code Error (Jammin' Unit Remix) [HD].flac,Saafi Brothers,Internal Code Error (Jammin' Unit Remix),,,
Sabras - Kar Ke Nava Bahana (Azmat's Melon Mix).mp3,Sabras,Kar Ke Nava Bahana (Azmat's Melon Mix),,,
Sade - I Never Thought I'd See the Day (Audio).mp3,Sade,I Never Thought I'd See the Day (Audio),,,
Sade - Love Is Stronger Than Pride (Audio).mp3,Sade,Love Is Stronger Than Pride (Audio),,,
Sade - Paradise (disco re-edit).mp3,Sade,Paradise (disco re-edit),,,
Sadoman - Trip.mp3,Sadoman,Trip,,,
Saint Etienne - Hug My Soul (Motive-8 Dub).flac,Saint Etienne,Hug My Soul (Motive-8 Dub),,,
Sam Brickel - Speaking Through Machines.mp3,Sam Brickel,Speaking Through Machines,,,
Sandman & Riverside - Into Your Story (feat. Jeremy Ellis) (Kai Alce Distinctive Vocal Mix).mp3,Sandman & Riverside,Into Your Story (feat. Jeremy Ellis) (Kai Alce Distinctive Vocal Mix),,,
Sandra Cross - Tied Up.mp3,Sandra Cross,Tied Up,,,
Sangeeta  -  Calling (Trance Mix).mp3,Sangeeta,Calling (Trance Mix),,,
Sansibar - Sissi [AVD002].mp3,Sansibar,Sissi,,AVD002,
Santiago Uribe - La Medida De Todas Las Cosas [OTH004].mp3,Santiago Uribe,La Medida De Todas Las Cosas,,OTH004,
Sapho - Carmel (Remastered).mp3,Sapho,Carmel (Remastered),,,
Sara Sara.mp3,,Sara Sara,,,
Sascha Funke - Im Feiern Und Feuer feat. Autarkic (Dreems Remix) [EF85].mp3,Sascha Funke,Im Feiern Und Feuer feat. Autarkic (Dreems Remix),,EF85,
Satari - Smile.mp3,Satari,Smile,,,
Sawt El Atlas - Ne Me Jugez Pas (Transglobal Underground Dub Version).mp3,Sawt El Atlas,Ne Me Jugez Pas (Transglobal Underground Dub Version),,,
Sa√¢da Bonaire Funky Way (1984).mp3,Sa√¢da,Sa√¢da Bonaire Funky Way,1984,,
Scan X - Dust (1996).mp3,Scan X,Dust¬†,1996,,
Scape One - Population Too Late.mp3,Scape One,Population Too Late,,,
Schacke - Met Her At The Herrensauna (Dj Ibon's Club Mix) [INS004].mp3,Schacke,Met Her At The Herrensauna (Dj Ibon's Club Mix),,INS004,
Schwamm - Crazy Beaches (Foster's Back to Beaches Remix).flac,Schwamm,Crazy Beaches (Foster's Back to Beaches Remix),,,
Scribble - Mother Of Pearl.mp3,Scribble,Mother Of Pearl,,,
Seals & Crofts - Castles In The Sand.mp3,Seals & Crofts,Castles In The Sand,,,
Seimei - Don't Bend My Life [WET TRAX].mp3,Seimei,Don't Bend My Life,,WET TRAX,
Sensuel - Oui J'Adore (Play Back Mix).mp3,Sensuel,Oui J'Adore (Play Back Mix),,,
Seratonin - Fazamour.mp3,Seratonin,Fazamour,,,
Serge Geyzel & Karsten Pflum - Margrethe II [Specimen].mp3,Serge Geyzel & Karsten Pflum,Margrethe II,,Specimen,
"Sexteto Do Beco - Kiua [Brazil] Psych Jazz, Soul (1980).flac",Sexteto Do Beco,Kiua,1980,,
Sezen Aksu - Hadi Bakalim (Mega 12ÔºÇ Version).mp3,Sezen Aksu,Hadi Bakalim (Mega 12ÔºÇ Version),,,
Se√±or Chugger -- Head In The Clouds Of Smoke.mp3,Se√±or Chugger,Head In The Clouds Of Smoke,,,
Shadow - Pac-Pac (Instrumental).flac,Shadow,Pac-Pac (Instrumental),,,
Shadow Acid - Hush.flac,Shadow Acid,Hush,,,
Shakti - Forbidden Dreams.mp3,Shakti,Forbidden Dreams,,,
Shams Dinn ‚Äì Ane Dassi M'we.mp3,Shams Dinn,Ane Dassi M'we,,,
Shango - Bodyrock (The Stalker Mix).mp3,Shango,Bodyrock (The Stalker Mix),,,
Shango PA - Control The Sound.flac,Shango PA,Control The Sound,,,
Shanti Celeste & Hodge  - Alula.mp3,Shanti Celeste & Hodge,Alula,,,
Shanti Celeste - Fantasma.mp3,Shanti Celeste,Fantasma,,,
Shanti Shanti Shanti (Dan Wainwright's Oddball Odd Edit).mp3,,Shanti Shanti Shanti (Dan Wainwright's Oddball Odd Edit),,,
Sharon Bailey - Cosmic Dust.flac,Sharon Bailey,Cosmic Dust,,,
Sharylaine - Saudade (1992).mp3,Sharylaine,Saudade¬†,1992,,
Sheeq - Noteasy (2001).mp3,Sheeq,Noteasy,2001,,
Shelly B - Breathing.flac,Shelly B,Breathing,,,
Shigeo Sekito - Vol. I (FULL ALBUM).mp3,Shigeo Sekito,Vol. I (FULL ALBUM),,,
Shigeo Sekito - Vol. II (FULL ALBUM).mp3,Shigeo Sekito,Vol. II (FULL ALBUM),,,
Shigeo Sekito - the word II.mp3,Shigeo Sekito,the word II,,,
"Shimmon - AmaZone (Deep, Deep, Dub Mix).mp3",Shimmon,"AmaZone (Deep, Deep, Dub Mix)",,,
Shine - Flowershigh.mp3,Shine,Flowershigh,,,
Shiva - Chant 58 (Hurb's Groove) (1990).mp3,Shiva,Chant 58 (Hurb's Groove),1990.0,,
Side Effects - Good Loving (UK).mp3,Side Effects,Good Loving (UK),,,
Sigma Tibet - Rotom [EVO 2008].flac,Sigma Tibet,Rotom,2008,EVO,
Silvera & Blenn   What You Are.mp3,Silvera & Blenn,What You Are,,,
Silvera & Blenn - What You Are.mp3,Silvera & Blenn,What You Are,,,
Silvestre - Fuego (D.K. Remix).mp3,Silvestre,Fuego (D.K. Remix),,,
Siouxsie and the Banshees - Land's End.mp3,Siouxsie and the Banshees,Land's End,,,
Skanna - This Way.mp3,Skanna,This Way,,,
Skateb√•rd - Love in the Night.mp3,Skateb√•rd,Love in the Night,,,
Sky - Love Came Along [US] Soul (1979).flac,Sky,Love Came Along Soul,1979,,
Slap! - Milestones (Miles' Garage Mix).mp3,Slap!,Milestones (Miles' Garage Mix),,,
Slick The Artist ‚Äì Who Them Send For (Instrumental).flac,Slick The Artist,Who Them Send For (Instrumental),,,
Slowly - Until The Break Of Dawn.mp3,Slowly,Until The Break Of Dawn,,,
So True (Wolf + Lamb Club Mix).mp3,So,So True (Wolf + Lamb Club Mix),,,
Sofa ‚Äì In And Through.mp3,Sofa,In And Through,,,
Soft Guidance (Metamorphasex Mix).mp3,Soft,Soft Guidance (Metamorphasex Mix),,,
Soft Keys - Bubbles (Soap Mix).mp3,Soft Keys,Bubbles (Soap Mix),,,
"Soichi Terada - Yokozuna Beach Chillin' (Japan, 1996).mp3",Soichi Terada,Yokozuna Beach Chillin'¬†,1996,,
Solange - Sou S√≥ üáßüá∑ 1988.mp3,Solange,Sou S√≥¬†,1988,,
Solar Plexus - Omargarashid (MK2).mp3,Solar Plexus,Omargarashid (MK2),,,
Solar Plexus - Solar Plexus (Entity) 1992.mp3,Solar Plexus,Solar Plexus (Entity),1992,,
Solar Plexus - Sportello Version.mp3,Solar Plexus,Sportello Version,,,
Solar Quest - Liquid Sky 1994.mp3,Solar Quest,Liquid Sky,1994,,
Solitary Dancer - U.N.I.T.Y..mp3,Solitary Dancer,U.N.I.T.Y.,,,
Solo Brown - Loved Version.mp3,Solo Brown,Loved Version,,,
Sol√§r Sound System - K7 (original mix) [OPIA007].mp3,Sol√§r Sound System,K7 (original mix),,OPIA007,
Somebody - Follow Me.flac,Somebody,Follow Me,,,
Something Like A Mama.mp3,,Something Like A Mama,,,
Sonho.mp3,,Sonho,,,
Sonic Sound  - The Hungarian Thing  (-8%).mp3,Sonic Sound,The Hungarian Thing (-8%),,,
Soul Family Sensation - I Don't Even Know If I Should Call You Baby (Marshall Jefferson 12ÔºÇ Mix 3).mp3,Soul Family Sensation,I Don't Even Know If I Should Call You Baby (Marshall Jefferson 12ÔºÇ Mix 3),,,
Soulclap - Conscious.mp3,Soulclap,Conscious,,,
"Soulpeace - Love Song (US, 1974).mp3",Soulpeace,Love Song¬†,1974,,
Sound Control - Think.mp3,Sound Control,Think,,,
Sound On Sound - Got To Believe (Original Dub).mp3,Sound On Sound,Got To Believe (Original Dub),,,
Soundscape -  Amoxa.mp3,Soundscape,Amoxa,,,
Space Ghost - Deep (Vibes Mix).mp3,Space Ghost,Deep (Vibes Mix),,,
Space Ghost - Mood Research.mp3,Space Ghost,Mood Research,,,
Space Ghost - Time To Dance (Official).mp3,Space Ghost,Time To Dance (Official),,,
Spacelab - Yankee Doodle.mp3,Spacelab,Yankee Doodle,,,
Spacemen 3 - How Does it FeelÔºü (10_40's Terrace Moonshine Dub).mp3,Spacemen 3,How Does it FeelÔºü (10_40's Terrace Moonshine Dub),,,
Special Request - VORTEX 150 [Houndstooth].flac,Special Request,VORTEX 150,,Houndstooth,
Special Touch ‚Äì Love Me Right (US 1984).mp3,Special Touch,Love Me Right,1984,,
Spectral Display - You Don't Know (1982).mp3,Spectral Display,You Don't Know¬†,1982,,
Speedy J - Pepper (The Hot Mix) (1994).mp3,Speedy J,Pepper (The Hot Mix)¬†,1994,,
Speedy J - Pepper.mp3,Speedy J,Pepper,,,
Speedy J - Spikkles (1992).mp3,Speedy J,Spikkles¬†,1992,,
Spellbound.flac,,Spellbound,,,
Spinapsys - Whenever.mp3,Spinapsys,Whenever,,,
Sporty V ‚Äì Wild Avenue (Instrumental).mp3,Sporty V,Wild Avenue (Instrumental),,,
Spring Edits - Giulia (James Falco Edit).mp3,Spring Edits,Giulia (James Falco Edit),,,
Sqvid - Emprisoning Sound On A Piece Of Wax (DJ Philip Remix).mp3,Sqvid,Emprisoning Sound On A Piece Of Wax (DJ Philip Remix),,,
St Etienne - Only Love Can Break Your Heart (Richard X extended remix).flac,St Etienne,Only Love Can Break Your Heart (Richard X extended remix),,,
"Stage 28 - Feel The Night (Repercussion Version) (Italy, 1992).mp3",Stage 28,Feel The Night (Repercussion Version)¬†,1992,,
Stanley Myers - Echoes.mp3,Stanley Myers,Echoes,,,
Stargazer - New Members ÔΩú Pear [2020].mp3,Stargazer,New Members,2020,,
Sudden Change - Comin On Strong (Funky Harlem Mix).flac,Sudden Change,Comin On Strong (Funky Harlem Mix),,,
Supernova ‚ß∏ Midnight Sun ‚ß∏ EMS 1225 [1996].mp3,Supernova,Midnight Sun EMS 1225,1996,,
T-Fire - Say A Prayer [Nigeria] Soul (1979).flac,T-Fire,Say A Prayer Soul,1979,,
"T.J. Hustler - The Individual You (SMOA Productions, 1979).mp3",T.J. Hustler,The Individual You,1979,SMOA Productions,
Telefon (feat. Nimrod Goldfarb).mp3,Telefon,(feat. Nimrod Goldfarb),,,
The Action Class - Last Chance (Club Mix).flac,The Action Class,Last Chance (Club Mix),,,
The Age of Love Baby doc remix Temon Level 0.mp3,,The Age of Love Baby doc remix Temon Level 0,,,
The Beloved - Hello - Honky Tonk.flac,The Beloved,Hello - Honky Tonk,,,
The Cargo Sect - Twilight Shore.flac,The Cargo Sect,Twilight Shore,,,
The Cargo Sect_Men On The Moon (1988).flac,The¬†Cargo Sect,Men On The Moon,1988,,
The Duprees Gone With The Wind.mp3,The Duprees,Gone With The Wind,,,
The Hug Club - Dilemma.flac,The Hug Club,Dilemma,,,
The IgG Band - Another Love Gone [US] Psych Soul (1980).flac,The IgG Band,Another Love Gone,1980,,
"The Rias Orchestra - Tardema [Germany] Library, Balearic Ambient (1978).flac",The Rias Orchestra,Tardema,1978,,
The Underground Syndacate ‚Äì Activate (club mix).flac,The Underground Syndacate,Activate (club mix),,,
Thee Sacred Souls ÔºÇWill I See You AgainÔºüÔºÇ.mp3,Thee Sacred Souls,Will I See You AgainÔºü,,,
Thievery Corporation - All That We Perceive [Official Audio].flac,Thievery Corporation,All That We Perceive,,,
This Is Your Life (Less Stress Mix).flac,,This¬†Is Your Life (Less Stress Mix),,,
This must be illegal.mp3,,This must be illegal,,,
Thomas Leer - Number One (Extended).flac,Thomas Leer,Number One (Extended),,,
Thomas P. Heckmann - Zeitsprung.mp3,Thomas P. Heckmann,Zeitsprung,,,
Tic-Toc.flac,,Tic-Toc,,,
Toni Scott - That's How I'm Living (Tux Mix) (1989).flac,Toni Scott,That's How I'm Living (Tux Mix),1989,,
Toshiki Kadomatsu (ËßíÊùæÊïèÁîü) ‚Äì 52nd Street (52nd„Çπ„Éà„É™„Éº„Éà) (1987).flac,Toshiki Kadomatsu (ËßíÊùæÊïèÁîü),52nd Street (52nd„Çπ„Éà„É™„Éº„Éà),1987,,
Touch To Touch - Mystery [Bassic Tension Vol.1].flac,Touch To Touch,Mystery,,Bassic Tension Vol.1,
Transilvanian Galaxi.mp3,,Transilvanian Galaxi,,,
Transistor (Instrumental).mp3,,Transistor¬†(Instrumental),,,
Tribes Of Chant (Wolrd Dance).mp3,,Tribes¬†Of Chant (Wolrd Dance),,,
Trinidadian Deep - Afro Caribbean Roots.flac,Trinidadian Deep,Afro Caribbean Roots,,,
Trinidadian Deep - Caribbean Stomp.flac,Trinidadian Deep,Caribbean Stomp,,,
"Tuff Productions feat. Carol Leeming - Won't Get To Heaven (So Damn Tuff Global Mix) (UK, 1992).mp3",Tuff Productions feat. Carol Leeming,Won't Get To Heaven (So Damn Tuff Global Mix)¬†,1992,,
U.N.C.L.E. 22 - Sulphur Salsa.flac,U.N.C.L.E. 22,Sulphur Salsa,,,
U.R..flac,,U.R.,,,
Ultraflex - You're In My Soul.flac,Ultraflex,You're In My Soul,,,
Unknown Artist ‚Äì One Step (Franky & Lenny's After Hours Mix).flac,,One Step (Franky & Lenny's After Hours Mix),,,
Valentino - Hold On To Your Dreams (Instrumental).flac,Valentino,Hold On To Your Dreams (Instrumental),,,
Vincent Floyd‚ï≠ ‚ïØGet Closer.mp3,Vincent Floyd,Get Closer,,,
Voices In Latin -  Hideaway - Barbara Moore.flac,Voices In Latin,Hideaway - Barbara Moore,,,
Voodoo ‚ß∏ Dr. DNA ‚ß∏ Heliomorph... [1994].mp3,Voodoo¬†Dr. DNA,Heliomorph...,1994,,
W. F. M ‚Äì No Change (Cut Version).flac,W. F. M,No Change (Cut Version),,,
Washing The Air.mp3,,Washing The Air,,,
Wayne Marshall - Love And Devotion.flac,Wayne Marshall,Love And Devotion,,,
We Have Come to Remix This House.mp3,,We Have Come to Remix This House,,,
What Ya Need.mp3,,What Ya Need,,,
Wolf + Lamb 'After We're Gone' (Higher Power Dub).mp3,Wolf¬†+ Lamb,After We're Gone¬†(Higher Power Dub),,,
Zero - We Learn To Say.flac,Zero,We Learn To Say,,,
diffusion  even moaning.mp3,,diffusion even moaning,,,
g.o.l. ‚Äï soma holiday.mp3,,g.o.l. ‚Äï soma holiday,,,
"heavyfeather - so long, farewell, goodbye.flac",heavyfeather,"so long, farewell, goodbye",,,
index - –í–∏—Ä—Ç—É–∞–ª—å–Ω–æ—Å—Ç—å.flac,index,–í–∏—Ä—Ç—É–∞–ª—å–Ω–æ—Å—Ç—å,,,
joanna law ( love is not enough ) mix d'ambience  1990.mp3,joanna¬†law,love is not enough (mix d'ambience),1990,,
leslie winer - kings of sleep.flac,leslie winer,kings of sleep,,,
m pire Mission 37#42.mp3,m pire,Mission 37#42,,,
noise control - crust & peace.flac,noise control,crust & peace,,,
sprocket - sprocket (edit).flac,sprocket,sprocket (edit),,,
t99 - invisible sensuality (12 ÔºÇ version).flac,t99,invisible sensuality (12 ÔºÇ version),,,
zero zero - thank god for evil.flac,zero zero,thank god for evil,,,
¬© (Leslie Winer) - When He Come Back (12ÔºÇ Version).flac,Leslie Winer,When He Come Back (12ÔºÇ Version),,,
‚ß∏‚ß∏‚ß∏.mp3,,‚ß∏‚ß∏‚ß∏,,,
„É©„Ç∫„Éô„É™„Éº„Çµ„É≥.flac,,„É©„Ç∫„Éô„É™„Éº„Çµ„É≥,,,
"‰∏≠ÊùëÂì≤ Satoshi Nakamura & Splaash - Twilight Dream [Japan] Soul, Jazz, Citypop (1979).flac",‰∏≠ÊùëÂì≤ Satoshi Nakamura & Splaash,Twilight,1979,,
"Èï∑Ë∞∑Â∑ùÂ≠ùÊ∞¥ Takami Hasegawa - Â≠ê„Çµ„Éº„Ç´„ÇπÂàóËªä [Japan] Jazz, Easy Listening, City-Pop (1983).flac",Èï∑Ë∞∑Â∑ùÂ≠ùÊ∞¥ Takami Hasegawa,Â≠ê„Çµ„Éº„Ç´„ÇπÂàóËªä,1983,,
